{
  "timestamp": "2026-04-09T13:15:50.801977",
  "metrics": {
    "accuracy": 0.8407731247123792,
    "precision": 0.8541367766618843,
    "recall": 0.8219052001840773,
    "f1": 0.8377110694183865,
    "roc_auc": 0.9215661650143406
  },
  "model_name": "Baseline_LogReg"
}