{
  "timestamp": "2026-04-04T13:49:46.397445",
  "metrics": {
    "accuracy": 0.8364012885411873,
    "precision": 0.8545101842870999,
    "recall": 0.810860561435803,
    "f1": 0.8321133412042503,
    "roc_auc": 0.918544942120053
  },
  "model_name": "Baseline_LogReg"
}