{
  "timestamp": "2026-04-06T15:58:27.461434",
  "metrics": {
    "accuracy": 0.9294694878871512,
    "precision": 0.930611294420714,
    "recall": 0.9294694878871512,
    "f1": 0.9294220998392692,
    "roc_auc": 0.9827447875329599
  },
  "model_name": "BERT_HeadC"
}