{
  "timestamp": "2026-04-06T15:58:27.459929",
  "metrics": {
    "accuracy": 0.9242563630788102,
    "precision": 0.9249730051416276,
    "recall": 0.9242563630788102,
    "f1": 0.9242238979480695,
    "roc_auc": 0.9828527419288102
  },
  "model_name": "BERT_HeadA"
}