{
  "timestamp": "2026-04-06T15:58:27.459929",
  "metrics": {
    "accuracy": 0.927016252683226,
    "precision": 0.9292629893903956,
    "recall": 0.927016252683226,
    "f1": 0.9269197515871934,
    "roc_auc": 0.9822941625635222
  },
  "model_name": "BERT_HeadB"
}