{
  "timestamp": "2026-04-07T08:29:01.087459",
  "metrics": {
    "accuracy": 0.9202780049059689,
    "precision": 0.921075489119206,
    "recall": 0.9202780049059689,
    "f1": 0.9205722803023226,
    "roc_auc": 0.9811027146581005
  },
  "model_name": "BERT_HeadA_ExpA",
  "experiment": "ExpA_50pct_FAKE",
  "dataset_info": {
    "true_count": 10869,
    "fake_count": 5434,
    "total": 16303
  }
}