{
  "timestamp": "2026-04-07T08:29:01.090462",
  "metrics": {
    "accuracy": 0.9243663123466884,
    "precision": 0.9244899899939311,
    "recall": 0.9243663123466884,
    "f1": 0.9244239054683363,
    "roc_auc": 0.9813554859264331
  },
  "model_name": "BERT_HeadC_ExpA",
  "experiment": "ExpA_50pct_FAKE",
  "dataset_info": {
    "true_count": 10869,
    "fake_count": 5434,
    "total": 16303
  }
}