{
  "timestamp": "2026-04-07T08:29:01.089474",
  "metrics": {
    "accuracy": 0.9272281275551921,
    "precision": 0.9277289045885567,
    "recall": 0.9272281275551921,
    "f1": 0.9274236519242659,
    "roc_auc": 0.9807220531647188
  },
  "model_name": "BERT_HeadB_ExpA",
  "experiment": "ExpA_50pct_FAKE",
  "dataset_info": {
    "true_count": 10869,
    "fake_count": 5434,
    "total": 16303
  }
}