{
  "accuracy": 0.9213,
  "macro_f1": 0.9209147942383558,
  "weighted_f1": 0.9209147942383558,
  "per_class_f1": {
    "бізнес": 0.9317844784972813,
    "новини": 0.8551794349707305,
    "політика": 0.8839667757362195,
    "спорт": 0.9880179730404394,
    "технології": 0.9456253089471083
  }
}