{
  "accuracy": 0.9675,
  "macro_f1": 0.967514692881676,
  "weighted_f1": 0.9675146928816759,
  "per_class_f1": {
    "бізнес": 0.9428713363139593,
    "політика": 0.9633004302708175,
    "спорт": 0.9940089865202196,
    "технології": 0.9698780184217077
  }
}