,Accuracy,Precision,Recall,F1-Score,ROC-AUC
02_HeadA,0.9242563630788102,0.9249730051416276,0.9242563630788102,0.9242238979480695,0.9828527419288102
02_HeadB,0.927016252683226,0.9292629893903956,0.927016252683226,0.9269197515871934,0.9822941625635222
02_HeadC,0.9294694878871512,0.930611294420714,0.9294694878871512,0.9294220998392692,0.9827447875329599
03_HeadA,0.9202780049059689,0.921075489119206,0.9202780049059689,0.9205722803023226,0.9811027146581005
03_HeadB,0.9272281275551921,0.9277289045885567,0.9272281275551921,0.9274236519242659,0.9807220531647188
03_HeadC,0.9243663123466884,0.9244899899939311,0.9243663123466884,0.9244239054683363,0.9813554859264331
